File name,Entropy,Chi-score,Serial Correlation,P-val Z,P-val Chi,Monte Carlo
../test/urandom1-1MB.bin,7.999806677090529,281.0458984375,-0.00024953252143407697,1,0.9999999999984466,3.1448026458841167
../test/albert-einstein-1939-yaz-nassasu-point-long-island-new-york-renkli-fotograf.webp,7.997848952956348,257.2990198355552,0.005078575336991505,1,0.9999999999984466,3.114208069124103
../test/japon-okcular-1860-renkli-fotograf.webp,7.997550885939992,276.16568252007403,-0.0047600875942266285,1,0.9999999999984466,3.132162182195538
../test/call-of-duty-advanced-warfare-screenshot.webp,7.99798090033334,255.93120651175025,-0.002842156345388782,1,0.9999999999984466,3.129841144807667
../test/xae,7.999697861529187,439.15625,0.0005045822163368165,1,0.9999999999984466,3.1448713106968333
